<xml version="1.0" encoding="UTF-8" test_number="6" result="OK">
    <mandatory_feature name="A">
		<parallel>
			<mandatory_feature name="B">
				<choose_1>
					<mandatory_feature name="C">
						<checkmark></checkmark>
					</mandatory_feature>
					<mandatory_feature name="D">
						<checkmark></checkmark>
					</mandatory_feature>
				</choose_1>				
			</mandatory_feature>
			<mandatory_feature name="E">
				<optional_feature name="F">
					<checkmark></checkmark>
				</optional_feature>
			</mandatory_feature>
			<mandatory_feature name="G">
				<optional_feature name="H">
					<checkmark></checkmark>
				</optional_feature>
			</mandatory_feature>
			<optional_feature name="I">
					<checkmark></checkmark>
			</optional_feature>
			<mandatory_feature name="J">
					<checkmark></checkmark>
			</mandatory_feature>
		</parallel>
    </mandatory_feature>
</xml>